Protein,Peptide,Charge,NEH,M0,I0_0_exp,I0_asmp,i0_t_exp,i0_t_theo,d2ome_k,new_k
1433E_MOUSE,YLAEFATGNDR,2,22,0.48396,0.49796795819304696,0.17171251570371907,0.41444212289970717,0.42190888638968127,0.03165,0.043325233747957166
1433G_MOUSE,TAFDDAIAELDTLNEDSYK,2,35,0.29777000000000003,0.30135646802584687,0.05727431332366646,0.2538212327844876,0.24398908262826785,0.03616,0.031027007108579703
1433Z_MOUSE,DIcNDVLSLLEK,2,17,0.44305999999999995,0.43772957704923116,0.19894336605351512,0.36328025448814116,0.3747801356220771,0.04687,0.050211297829652654
AATC_MOUSE,QVEYLVNEK,2,16,0.51989,0.5472101998706281,0.24469960578015576,0.5014041183846717,0.4782302251520609,0.02345,0.02575793079741791
AATM_MOUSE,IAATILTSPDLR,2,22,0.47840000000000005,0.48357519375978625,0.16973978740527979,0.4548607821146348,0.4433682023749702,0.01721,0.013908058924236591
AATM_MOUSE,ASAELALGENNEVLK,2,35,0.41545000000000004,0.4395197643448549,0.07990937122717948,0.40090835192516766,0.37463152127245003,0.01853,0.01738472176980547
ABEC2_MOUSE,LFMWEEPEVQAALK,2,30,0.34502000000000005,0.35634437230843974,0.0839842129522855,0.29894694858813153,0.29529447993625363,0.03019,0.03486538509237116
ACADL_MOUSE,cIGAIAMTEPGAGSDLQGVR,2,44,0.3109,0.3201615151677998,0.03913863614975608,0.2721900264801637,0.2752643484458672,0.02008,0.02744291471949115
ACADV_MOUSE,VPSENVLGEVGDGFK,2,26,0.40908,0.4260965096368269,0.12022123405595121,0.3607592087096122,0.347788955211742,0.03407,0.03596748387818161
ACADV_MOUSE,SGELAVQALDQFATVVEAK,2,42,0.31873999999999997,0.31971645596480236,0.044089107598338666,0.2379148529995587,0.24435797665648554,0.04512,0.04888462195225405
ACADV_MOUSE,FGMAATLAGTMK,2,20,0.45929000000000003,0.4402367363532341,0.1790561519476716,0.4175508305150167,0.39947386156643705,0.0343,0.01203288791018625
ACADV_MOUSE,ELGAFGLQVPSELGGLGLSNTQYAR,3,51,0.22343,0.22153978725367637,0.020227501468539934,0.18938780031525948,0.18080762203120362,0.03363,0.0243920176344978
ACBP_MOUSE,TQPTDEEMLFIYSHFK,3,26,0.29382,0.3131253381476086,0.0863483988225276,0.26947388682346296,0.2649565789017469,0.0214,0.033218676257755576
ACON_MOUSE,DGYAQILR,2,17,0.58148,0.6032704369738681,0.2610968909240238,0.5507188237626377,0.5368697342917967,0.02142,0.025354273072550875
ACON_MOUSE,LEAPDADELPR,2,29,0.50081,0.5258331064803302,0.12778540833158245,0.46715975642101404,0.4585656878563028,0.01717,0.024237291446524027
ACON_MOUSE,VAMSHFEPSEYIR,3,29,0.38176000000000004,0.40373442022453826,0.09740891253102958,0.35153175805427034,0.3401534728016417,0.0226,0.028633858318450115
ACON_MOUSE,WVVIGDENYGEGSSR,2,29,0.38520000000000004,0.38487328021992845,0.09828665419884901,0.33768614474985775,0.3351089940535872,0.02741,0.025427013191817303
ACON_MOUSE,SDFDPGQDTYQHPPK,3,30,0.36755000000000004,0.3730910840024444,0.08946842928123742,0.33512009754776123,0.32372441898615234,0.0245,0.020838378786730383
ACTN2_MOUSE,TINEVETQILTR,2,20,0.44948,0.45028086641573156,0.17523168189474933,0.4276078746421994,0.41050172321704337,0.0219,0.012298664512142675
ACTN2_MOUSE,MLDAEDIVNTPKPDER,3,32,0.34149999999999997,0.3662010796953354,0.07565442233560564,0.3397745019372415,0.30968355475087744,0.01821,0.014906642328378336
ACTN3_MOUSE,VLAVNQENEK,2,21,0.5263,0.5301161768710647,0.19574052106083084,0.4882516594510881,0.4906553530788228,0.0163,0.019238178038254766
ACTN3_MOUSE,LAAGLAGSLEEQMAGLR,3,43,0.36966,0.3822428683081326,0.048780057976899306,0.3381367619097918,0.3422622728597555,0.01275,0.020985765345422923
ACTN3_MOUSE,LLETIDQLQLEFAR,2,29,0.37044,0.3776754525744298,0.0945205300659959,0.345788114986667,0.3393297094798907,0.01709,0.017463640160952233
ACTN3_MOUSE,AcLISMGYDLGEVEFAR,2,34,0.3104,0.3125344411258752,0.06258288068678518,0.279549148431633,0.2855894103453191,0.01507,0.020280231263284883
ACTN3_MOUSE,VEHIAALAQELNELDYHEAASVNSR,4,64,0.20577,0.20702288348645753,0.010098788588181824,0.18851992697942588,0.1848172275262287,0.01618,0.014147485839638022
ADT1_MOUSE,TAVAPIER,2,19,0.61177,0.6204335826594582,0.2500030577872687,0.5828608780885428,0.5684067972520614,0.01824,0.015607456946102796
ADT1_MOUSE,LLLQVQHASK,3,20,0.51143,0.5300501038381472,0.19938315180081798,0.481170207135834,0.4635057364113895,0.02382,0.0241301858147134
ADT1_MOUSE,YFPTQALNFAFK,2,19,0.40125999999999995,0.408728871182729,0.16397702889602206,0.37886665375272743,0.36847813817630104,0.02124,0.019109978448357805
ADT1_MOUSE,LASGGAAGATSLcFVYPLDFAR,3,44,0.26258,0.27666399902530464,0.03305571913863928,0.2281698811301317,0.23019270028343386,0.02173,0.03337154593777565
ADT1_MOUSE,LASGGAAGATSLcFVYPLDFAR,2,44,0.26258,0.2682032099467429,0.03305571913863928,0.2409467328359264,0.2320923381373037,0.02036,0.017971866582932688
ADT1_MOUSE,GNLANVIR,2,15,0.61556,0.6263482791233912,0.30370160275945596,0.5946289741653218,0.5805137839005544,0.01703,0.015269017713373243
AIFM1_MOUSE,SQASGIEVIQLFPEK,2,33,0.38047,0.45187690395083147,0.0804098297845896,0.3224791452823183,0.31051650850838824,0.03792,0.07488900952214583
ALBU_MOUSE,QTALAELVK,2,18,0.56843,0.5897297131043324,0.24349442496143275,0.3450335956873405,0.3464355200228293,0.16421,0.14808720012152485
ALBU_MOUSE,KYEATLEK,2,14,0.5633,0.5709617606698154,0.2913206909080883,0.38841792009523857,0.3807292121808715,0.15893,0.12805734808346522
ALBU_MOUSE,ENPTTFMGH,2,15,0.53211,0.5802039116373486,0.26252950133916125,0.42870087003331886,0.43225239029408996,0.0661,0.10284500783504355
ALBU_MOUSE,LVQEVTDFAK,2,16,0.50812,0.5305396591844713,0.23915975242649937,0.3185667430670743,0.31289445788831216,0.18487,0.15695519140395525
ALBU_MOUSE,HPDYSVSLLLR,3,18,0.46244,0.47824860920901785,0.1980922222246626,0.30032951330906915,0.3004511541017612,0.13554,0.1285067196832773
ALBU_MOUSE,HPDYSVSLLLR,2,18,0.46244,0.466395853757861,0.1980922222246626,0.28705059523616355,0.293731689863601,0.14524,0.12979824747729785
ALBU_MOUSE,YMcENQATISSK,2,23,0.42963,0.43477302455599226,0.14542269715312928,0.2591351442991751,0.26381502378372657,0.1251,0.11556418400788213
ALBU_MOUSE,APQVSTPTLVEAAR,2,33,0.43894,0.45807843860592634,0.09276707936407012,0.22711265355444668,0.23030757959058273,0.13186,0.12711058955218868
ALBU_MOUSE,GLVLIAFSQYLQK,2,21,0.40237,0.42461751551026994,0.14964870503371938,0.23527772080683093,0.24040585709166584,0.1463,0.1471224635755714
ALBU_MOUSE,LPcVEDYLSAILNR,2,25,0.37594,0.37656054582887816,0.11581007919099769,0.20323740614899952,0.21260951846371984,0.14122,0.12689552957267272
ALBU_MOUSE,LSQTFPNADFAEITK,2,28,0.37144,0.3644379405626421,0.09934633056553253,0.1882816670475754,0.18804424530791006,0.16013,0.12242578943221953
ALBU_MOUSE,ENPTTFMGHYLHEVAR,3,31,0.31559000000000004,0.32843741387882347,0.07328612045377615,0.16539448287129685,0.17039012724472358,0.13063,0.1284677256295985
ALBU_MOUSE,ENPTTFMGHYLHEVAR,4,31,0.31559000000000004,0.32755721035765445,0.07328612045377615,0.16258897748719478,0.1679405465212096,0.13428,0.13037115598572
ALBU_MOUSE,AADKDTcFSTEGPNLVTR,2,32,0.32701,0.37544266437511914,0.07244437085788112,0.16718697461201362,0.17138883035917468,0.135,0.16467314473104316
ALBU_MOUSE,AADKDTcFSTEGPNLVTR,3,32,0.32701,0.32776481977826116,0.07244437085788112,0.1626464960351453,0.16316898296117233,0.14739,0.12271238290974693
ALBU_MOUSE,ccAEANPPAcYGTVLAEFQPLVEEPK,3,58,0.17714,0.17047181997170494,0.01153275819120432,0.07262412490380372,0.09261621633835228,0.10202,0.10934127899376002
ALBU_MOUSE,MGHYLHEVAR,3,21,0.47247999999999996,0.4949333339026152,0.17572388635915134,0.2989394634648051,0.3022148200623419,0.12182,0.12550776403526406
ALBU_MOUSE,YNDLGEQHFK,3,18,0.47989,0.4908072181858316,0.20556715795215233,0.2843971821432465,0.2896023503681695,0.16901,0.14793053673263695
ALBU_MOUSE,LPcVEDYLSAILNR,3,25,0.37594,0.3773770245460756,0.11581007919099769,0.2008824448833146,0.21061119711403864,0.1442,0.12980829702073485
ALBU_MOUSE,RPcFSALTVDETYVPK,3,26,0.32725000000000004,0.3383354573139281,0.09617287289725736,0.1808149644490885,0.19284465375682192,0.12449,0.13057466056399294
ALDH2_MOUSE,TIPIDGDFFSYTR,2,17,0.3993,0.40325010468915995,0.17929419506425448,0.27149226568506224,0.2836570620614447,0.10654,0.11117345270765455
ALDH2_MOUSE,VVGNPFDSR,2,15,0.56515,0.567294466828111,0.2788305945797429,0.5018659060482807,0.4281530338587214,0.093,0.03637510885028344
ALDOA_MOUSE,AAQEEYIK,2,21,0.57653,0.5931816914645047,0.2144219696127699,0.5049302974374834,0.4851629559290138,0.04154,0.03905918701912275
ALDOA_MOUSE,KELSDIAHR,3,20,0.5465,0.5499069296986088,0.21305533984933814,0.4738973039967857,0.47253204101338997,0.03583,0.03627628177137226
ALDOA_MOUSE,ALANSLAcQGK,2,25,0.52707,0.5216916816541968,0.1623663841017161,0.4532738406707248,0.4473025034436957,0.03526,0.029313580721291643
ALDOA_MOUSE,GILAADESTGSIAK,2,30,0.47401000000000004,0.49437225283353337,0.11538275109127832,0.4006075586390162,0.38680712330879347,0.0398,0.04223338272140005
ALDOA_MOUSE,PHPYPALTPEQK,3,26,0.43621000000000004,0.4440676651113097,0.1281942517540493,0.35909412443102,0.3697525663705458,0.03472,0.04484674987469125
ALDOA_MOUSE,PHPYPALTPEQK,2,26,0.43621000000000004,0.4515219606140004,0.1281942517540493,0.3841533293027316,0.3760212493347339,0.03106,0.03466242163565291
ALDOA_MOUSE,IGGVILFHETLYQK,3,20,0.37149,0.3828331971219972,0.1448269500468996,0.3321910355954499,0.3173506388237224,0.03899,0.035483457311031544
ALDOA_MOUSE,SGAAASESLFISNHAY,2,39,0.39194,0.4183751405128243,0.062442314138287554,0.3248812769787191,0.31201228762710276,0.03969,0.04628610382152067
ALDOA_MOUSE,RLQSIGTENTEENR,3,33,0.41058,0.42883740115776703,0.08677338006401766,0.3545201455772469,0.3412137448664079,0.03444,0.03654984745489865
ALDOA_MOUSE,ALSDHHVYLEGTLLKPN,3,28,0.32454,0.3428333290219235,0.08680233179446997,0.2827193880361293,0.2693073795060815,0.03777,0.04068956446899563
ALDOA_MOUSE,LSGGQSEEEASINLNAINK,2,45,0.33616999999999997,0.36362015005805814,0.04037281510568002,0.2766046261953051,0.26889973924149463,0.03686,0.04820596904214937
ALDOA_MOUSE,VNPcIGGVILFHETLYQK,3,26,0.28242,0.27614486594985244,0.08299814442671787,0.24080996426017726,0.23927239155652208,0.03483,0.027554895767050804
ALDOA_MOUSE,IGEHTPSALAIMENANVLAR,2,46,0.28806,0.3033864897399857,0.03300335933180131,0.24710835183144342,0.2320234227343694,0.03544,0.03499895507236619
ALDOA_MOUSE,IGEHTPSALAImENANVLAR,3,46,0.28806,0.3111661066429158,0.03300335933180131,0.2456340988845368,0.23344951106395445,0.03442,0.04141971655086687
ALDOA_MOUSE,YTPSGQSGAAASESLFISNHAY,3,51,0.27155999999999997,0.28196663037742636,0.024584792994659196,0.21038876463144512,0.2069949853268614,0.04329,0.04740218053282787
ALDOA_MOUSE,GVVPLAGTNGETTTQGLDGLSER,2,42,0.28302,0.29391814903483954,0.03914820616327355,0.23485862079786501,0.23065679388372304,0.03453,0.03878553379816374
ALDOA_MOUSE,TVPPAVTGVTFLSGGQSEEEASINLNAINK,3,59,0.17556000000000002,0.17624420850452252,0.010904034851139,0.1422845093688013,0.13822971790865474,0.03673,0.03250216886501434
ALDOA_MOUSE,TVPPAVTGVTFLSGGQSEEEASINLNAINK,4,59,0.17556000000000002,0.1722463254331869,0.010904034851139,0.14671136328388729,0.14198277827221653,0.03258,0.023872244351045235
ALDOA_MOUSE,YASIcQQNGIVPIVEPEILPDGDHDLKR,4,57,0.15831,0.15677649879076025,0.010803880749552693,0.12921346257704877,0.1303198099651136,0.03006,0.029188381991363168
ALDOA_MOUSE,LQSIGTENTEENRR,3,33,0.41058,0.42883740115776703,0.08677338006401766,0.3545201455772469,0.3411603179998167,0.03447,0.03654984745489865
ALDOA_MOUSE,ALQASALK,2,20,0.62944,0.6398360073298277,0.24538985016425874,0.5555983996904523,0.5442462358563004,0.03583,0.034770738497335495
AMPD1_MOUSE,NIDGEALVGNESFYPVFTPPPK,3,39,0.23842,0.2438360164204399,0.03798412138809644,0.19382838221117543,0.19207990617112985,0.03756,0.04008830836990716
ANX11_MOUSE,GFGTDEQAIIDcLGSR,2,32,0.37404000000000004,0.40024480665526374,0.08286319218275238,0.2981847185242889,0.28792279240311797,0.05009,0.05884818040602861
AT1B1_MOUSE,SYEAYVLNIIR,2,19,0.44761,0.49561754697300603,0.18291820242273948,0.34798476051637084,0.35354114729021924,0.06273,0.10189972026568003
AT2A1_MOUSE,EVTGSIQLcR,2,19,0.51983,0.5164361060287439,0.21243128876792894,0.46767415172847987,0.4708769951672917,0.02478,0.024458441107868677
AT2A1_MOUSE,AVGIVATTGVSTEIGK,2,25,0.42345999999999995,0.4342343154939652,0.13044883793748968,0.3825197994494132,0.37621258681581693,0.02512,0.02743832558172254
AT2A1_MOUSE,DIVPGDIVEVAVGDK,2,25,0.41485999999999995,0.4217097815135878,0.12779956762562455,0.3718643926397792,0.3634531273786769,0.02819,0.02695947220617264
AT2A1_MOUSE,VDQSILTGESVSVIK,2,24,0.40735,0.41651288140293596,0.13153775619662897,0.3697857767876007,0.3612139257028958,0.02615,0.026252471999908687
AT2A1_MOUSE,FGVSETTGLTPDQVK,2,22,0.40334000000000003,0.4007884731454263,0.1431079553763494,0.3623183173616242,0.3551879872591063,0.02923,0.022679583796753687
AT2A1_MOUSE,RIGIFSENEEVTDR,3,30,0.39201,0.38244924328673485,0.09542244310308225,0.34980977525904644,0.3381142796908604,0.02865,0.016586504130467472
AT2A1_MOUSE,NAENAIEALKEYEPEMGK,3,44,0.30179,0.320239638802881,0.03799179480101283,0.277903841227729,0.25976481706705584,0.02479,0.02476619214150823
AT2A1_MOUSE,IRDQMAATEQDKTPLQQK,3,41,0.29651,0.3129033083982731,0.042992130966509334,0.26837488930167713,0.25813112644299946,0.02345,0.027295315947888452
AT2A1_MOUSE,DIVPGDIVEVAVGDKVPADIR,3,38,0.28305,0.29805057107507665,0.047269112456727394,0.2574439884369302,0.24628067596987585,0.02422,0.026721691977143577
AT2A1_MOUSE,FMEYEMDLTFVGVVGMLDPPR,3,31,0.2071,0.21173880638064455,0.048092637745102945,0.18689174120080232,0.18377688901813743,0.02266,0.024067539038098506
AT2A1_MOUSE,STEEcLSYFGVSETTGLTPDQVK,3,38,0.23309999999999997,0.22417407288004182,0.038927504376128436,0.2000089871798463,0.2024984667317948,0.0245,0.018885106624834332
AT2A1_MOUSE,STEEcLSYFGVSETTGLTPDQVK,2,38,0.23309999999999997,0.2450412013370369,0.038927504376128436,0.2085960008743817,0.20422501032781828,0.023,0.02932995273991695
AT2A1_MOUSE,EFTLEFSR,2,15,0.54304,0.5557158066307407,0.26792208454495897,0.5121811295297101,0.49705214438612316,0.02613,0.024394289321536748
AT2A1_MOUSE,HTDPVPDPR,2,18,0.55543,0.5592053690721505,0.2379257049352226,0.5245878955853724,0.5155784865347903,0.01916,0.016424814467848485
ATPA_MOUSE,VLSIGDGIAR,2,19,0.56427,0.5797713229873432,0.23059193065632855,0.5374658288885046,0.5251589844028509,0.01781,0.019260374799491387
ATPA_MOUSE,SGcSMGEYFR,2,20,0.4858,0.5003726550514557,0.1893911877379844,0.46351231347940236,0.44963257788999594,0.01859,0.01886981290069123
ATPA_MOUSE,HALIIYDDLSK,2,17,0.46474,0.4822519282882503,0.2086781472931671,0.4300875966227298,0.41803265568704506,0.02877,0.032066878646578194
ATPA_MOUSE,EAYPGDVFYLH,2,19,0.44688,0.4539798055713001,0.18261988404788504,0.4143591119418594,0.4033551089241918,0.02571,0.02302432307827058
ATPA_MOUSE,TGAIVDVPVGEELLGR,2,30,0.39189999999999997,0.3991564485144916,0.09539566708017123,0.35931788134431064,0.34140558008513233,0.02667,0.0204838917303725
ATPA_MOUSE,NVQAEEMVEFSSGLK,3,32,0.3725,0.3876044209869588,0.08252202729140001,0.3265909992396872,0.3219577414433126,0.02736,0.03322038045764712
ATPA_MOUSE,QGQYSPMAIEEQVAVIYAGVR,2,50,0.24999,0.24871044004909165,0.023723473634405735,0.22082409729433333,0.21362461432990548,0.02503,0.01869146915987017
ATPA_MOUSE,EVAAFAQFGSDLDAATQQLLSR,3,53,0.2601,0.26306901375847436,0.021430452134125835,0.22672541265912297,0.21881817883194948,0.02713,0.02340996894649314
ATPA_MOUSE,EVAAFAQFGSDLDAATQQLLSR,2,53,0.2601,0.2647683962692147,0.021430452134125835,0.22560749550783435,0.21910855216230413,0.02692,0.025363018538927244
ATPA_MOUSE,FENAFLSHVISQHQSLLGNIR,4,43,0.24176999999999998,0.2654581048888325,0.031903788933276375,0.21755273626991461,0.20684854378646877,0.026,0.036331280684652356
ATPB_MOUSE,IGLFGGAGVGK,2,17,0.55677,0.5707560700802764,0.25000157522144995,0.5284641822620703,0.5149256159838257,0.02095,0.021052232908901115
ATPB_MOUSE,IVGNEHYDVAR,3,22,0.48125999999999997,0.4788306643398783,0.17075453613433306,0.44833354820788424,0.44859344971920007,0.01588,0.014720142915867202
ATPB_MOUSE,FTQAGSEVSALLGR,2,30,0.43921999999999994,0.44948475067742355,0.10691422529970096,0.40801299865087487,0.39053712934199797,0.02263,0.018941070100101376
ATPB_MOUSE,TVLIMELINNVAK,2,17,0.40776,0.42771482083399065,0.18309291504983824,0.38723359604957547,0.3767617538658671,0.02121,0.028059448970035185
ATPB_MOUSE,FLSQPFQVAEVFTGH,2,28,0.35259999999999997,0.3647663681081657,0.09430733404427839,0.31171653609326777,0.3086730064192317,0.02663,0.0323540474702302
ATPB_MOUSE,AIAELGIYPAVDPLDSTSR,2,40,0.31521,0.31450287425904144,0.047907609550306055,0.28437682543063,0.27662578392317083,0.02227,0.017007870957669737
ATPB_MOUSE,FLSQPFQVAEVFTGHMGK,3,32,0.28277,0.29728820574181564,0.06264363397903136,0.2589143068040224,0.24923700681935532,0.02361,0.02707451109255366
ATPD_MOUSE,IEANEALVK,2,20,0.56725,0.5843837302813684,0.2211448152416049,0.5353158268444878,0.5248910901945963,0.01865,0.02168875020399095
ATPK_MOUSE,DFTPSGIAGAFR,2,24,0.48073,0.49121063061121845,0.15523295823347352,0.4487947411264429,0.44402977172247093,0.01709,0.01982880468621463
BASI_MOUSE,SGEYScIFLPEPVGR,2,30,0.36296,0.37895429641055783,0.08835113887067864,0.2822641643300325,0.286276057915655,0.04678,0.05915556264750253
BIN1_MOUSE,AGDVVLVIPFQNPEEQDEGWLMGVK,3,47,0.18788,0.20378692398382162,0.020535290736393222,0.15597226236665757,0.14088789611713665,0.04709,0.04664930204966004
BIN1_MOUSE,HHYESLQTAK,3,22,0.49548000000000003,0.499320638729732,0.17579989519976594,0.39825000715634673,0.4024349018693579,0.04914,0.05230584543919374
BIP_MOUSE,IINEPTAAAIAYGLDK,2,33,0.37614,0.3837977007641122,0.079494712789906,0.2878094244557022,0.2926896842256558,0.04719,0.05370444146882574
CAD13_MOUSE,MTAFDADDPATDNALLR,2,34,0.34182,0.34567079984053817,0.06891778439547974,0.3025848690601784,0.30365661721258774,0.02152,0.02433479920635078
CALM1_MOUSE,VFDKDGNGYISAAELR,3,31,0.36228,0.38441136583196867,0.08412844424092658,0.27505449689959205,0.27998766304522593,0.05011,0.06720591411779199
CBPA3_MOUSE,IGSTVEDNPLYVLK,2,19,0.40206000000000003,0.4149730582383974,0.16430395314243793,0.36609229232259316,0.3668029909125289,0.02293,0.03238945151885827
COF2_MOUSE,EDLVFIFWAPESAPLK,2,29,0.31428999999999996,0.3311393017763634,0.08019343859853646,0.278040580143214,0.2726506182857967,0.02798,0.03607836860069006
COQ8A_MOUSE,SFTDLYIQVIR,2,15,0.44250999999999996,0.4548641811575543,0.2183231467884314,0.3377872836823967,0.3205311383728668,0.11221,0.09408438698727191
CPT1B_MOUSE,QALLDIAELFK,2,21,0.46734000000000003,0.4735555219788683,0.17381222708069294,0.40593059146849453,0.3957178704010537,0.03996,0.03670369496865309
CPT1B_MOUSE,LPVPSVPATIHR,3,23,0.46258000000000005,0.5082433613772386,0.1565757308593314,0.43242012073255354,0.4204701388210724,0.02115,0.03978337032338624
CX6B1_MOUSE,GGDVSVcEWYR,2,19,0.46121,0.46837237815850424,0.18847591461180868,0.4282187209895124,0.42169476255552474,0.02236,0.02258060069000479
CYC_MOUSE,TGQAAGFSYTDANK,2,28,0.44441,0.44717032465350537,0.11886308089227955,0.40313165849750043,0.3966006289348706,0.02269,0.020632247467381622
DESM_MOUSE,AQYETIAAK,2,22,0.5613199999999999,0.5742231105744477,0.19916040440286711,0.4311865390639055,0.40869628374725697,0.07817,0.06756415216719164
DESM_MOUSE,ADVDAATLAR,2,24,0.5747800000000001,0.5865476090654143,0.1856027286282028,0.41934308111953483,0.4059522348229332,0.08126,0.07456134369396107
DESM_MOUSE,LQEEIQLR,2,21,0.5567,0.5808593991711589,0.207046832746655,0.407244725518808,0.4012435617869416,0.08401,0.08854385068626036
DESM_MOUSE,QVEVLTNQR,2,19,0.54503,0.5643682282459467,0.2227294025300277,0.42870695432768374,0.4153061269217645,0.07357,0.07278574836353824
DESM_MOUSE,EEAENNLAAFR,2,31,0.4918,0.509703951069831,0.11420550093211795,0.34523193641000743,0.3329317330192879,0.078,0.07577752821902387
DESM_MOUSE,NISEAEEWYK,2,22,0.47564999999999996,0.4947729652981659,0.16876406747349773,0.3566365715067789,0.3490629844229246,0.07598,0.07877546425086132
DESM_MOUSE,MALDVEIATYR,2,21,0.45685000000000003,0.4820115883816964,0.1699108057127885,0.34756931562638643,0.3396868745716403,0.07497,0.0826148219265347
DESM_MOUSE,IESLNEEIAFLK,2,24,0.43575,0.4503394303141628,0.14070842583203896,0.2979745445138898,0.30228453175920506,0.08602,0.09282318870669644
DESM_MOUSE,INLPIQTFSALNFR,2,24,0.3729,0.38918582488254577,0.12041347560015452,0.30805659207653724,0.29233839709438136,0.0549,0.05327780663132572
DESM_MOUSE,FLEQQNAALAAEVNR,2,41,0.38360999999999995,0.3939663338604919,0.05562109662427117,0.2459969644469304,0.24441949616003072,0.0789,0.0789865236132942
DESM_MOUSE,FLEQQNAALAAEVNR,3,41,0.38360999999999995,0.3776659303360835,0.05562109662427117,0.23515463474476714,0.23522785344205566,0.08603,0.07555651957716127
DESM_MOUSE,TFGGAPGFSLGSPLSSPVFPR,2,39,0.28503,0.27603120706521983,0.04540984027870618,0.21219879334236869,0.20904265806581196,0.05449,0.04312454467789619
DESM_MOUSE,TFGGAPGFSLGSPLSSPVFPR,3,39,0.28503,0.30439032216960504,0.04540984027870618,0.21617657579411548,0.2144328743258103,0.04986,0.06227191714807384
DESM_MOUSE,APSYGAGELLDFSLADAVNQEFLATR,3,57,0.20021999999999998,0.212998553882877,0.013664032617493778,0.13379563104664144,0.1298975545111097,0.06759,0.07352511896118201
DESM_MOUSE,LLEGEESR,2,21,0.59925,0.5996558816418565,0.2228719499253332,0.4351068549920979,0.43566159386527337,0.08147,0.07610838858339994
DESM_MOUSE,EYQDLLNVK,2,14,0.51989,0.5432293533557716,0.2688704313797373,0.4205961823664275,0.4110855596129775,0.08117,0.08683944092092093
DESM_MOUSE,VAELYEEEMR,2,25,0.46714,0.4427539648379847,0.1439046666842652,0.30696008148749665,0.30218704525994083,0.102,0.07262199347068378
DMD_MOUSE,AWTELTDWLSLLDR,2,20,0.35861,0.3599387944647507,0.13980562749015765,0.31829360075045965,0.3148830086760759,0.03185,0.0297776587492752
ECHB_MOUSE,MEQDEYALR,2,23,0.50259,0.5165395700261487,0.17011845858573946,0.38142969908261126,0.38554592426295653,0.06199,0.06985038796400936
ECHB_MOUSE,DVVDYIIFGTVIQEVK,2,20,0.33049,0.3423748479727484,0.12884292638025208,0.2842828086653597,0.27400763351538326,0.04695,0.04708356378229236
ECHB_MOUSE,DVVDYIIFGTVIQEVK,3,20,0.33049,0.3464167890569159,0.12884292638025208,0.28976837276998024,0.27305558541570085,0.04789,0.04576985021317053
ECHB_MOUSE,LNFLSPELPAVAEFSTNETMGHSADR,3,55,0.18878,0.19943464617873144,0.014155890319631891,0.15364567941624394,0.14797590447021708,0.03802,0.042370381789442635
ECHM_MOUSE,NSSVGLIQLNRPK,3,24,0.44258000000000003,0.5000220433852157,0.14291390729717454,0.43905386916011246,0.4138651342830989,0.01439,0.03202148565784984
EF1A2_MOUSE,LPLQDVYK,2,11,0.55334,0.5449994597370917,0.32960083800351314,0.4974750267544924,0.48733339442971824,0.04994,0.03356699870746071
EF1A2_MOUSE,QTVAVGVIK,2,13,0.58419,0.6186245660510372,0.31669454714988754,0.5468364744709344,0.521684827994501,0.03802,0.04348326084383345
EF1D_MOUSE,GVVQDLQQAISK,2,25,0.48106000000000004,0.5081378724764463,0.14819278793323762,0.3817740471694601,0.3586565839457968,0.06549,0.06452555446471164
EF1D_MOUSE,ITSLEVENQNLR,2,24,0.45305999999999996,0.46492901429754724,0.14629801355700187,0.30627848637705674,0.3435145230960707,0.06311,0.09298777565033378
EF2_MOUSE,DSVVAGFQWATK,2,20,0.45826,0.47817303645550796,0.17865460208482653,0.38105176677320485,0.36834045840570406,0.05543,0.05823966059535387
EF2_MOUSE,KEDLYLKPIQR,3,19,0.43387,0.4579632871012269,0.17730327849054753,0.393590103248911,0.3650546796710912,0.04461,0.04033975689569413
EF2_MOUSE,EGIPALDNFLDKL,2,21,0.42453,0.4624225166133148,0.1578904111836491,0.3586930615293741,0.34781135338747105,0.04847,0.06638502403457865
EF2_MOUSE,ALLELQLEPEELYQTFQR,3,41,0.26886,0.26311504567257,0.03898305059409699,0.20095011971057716,0.19957459709959455,0.05124,0.043856048266282525
ENOA_MOUSE,VVIGMDVAASEFYR,2,26,0.38287,0.38758577326912286,0.11251858776523428,0.35420200179950984,0.35507216900622873,0.0155,0.01872955611423311
ENOB_MOUSE,IGAEVYHHLK,2,18,0.49509000000000003,0.5025829555268807,0.21207827675202884,0.46080176955411184,0.45991454555416555,0.01896,0.02264685408984047
ENOB_MOUSE,GNPTVEVDLHTAK,2,21,0.45616,0.466291881215832,0.16965418219097206,0.42485458180690666,0.4192365126195783,0.01971,0.02215553864955172
FABP4_MOUSE,LVSSENFDDYMK,2,18,0.41747,0.4297000040953956,0.17882873456476492,0.36244797846658655,0.3519290774252595,0.04587,0.04593161259205626
FABP4_MOUSE,NTEISFK,2,10,0.6153799999999999,0.6366459218199215,0.38423286232384485,0.579410032326742,0.5633382637603113,0.03644,0.03975338636001337
FABP4_MOUSE,EVGVGFATR,2,17,0.58148,0.6109910644973782,0.2610968909240238,0.5261854726980892,0.5092082057495348,0.03652,0.04281910952889023
FHL3_MOUSE,TPLAGQQFTSR,2,23,0.50072,0.5088007009101699,0.16948549430559992,0.39316679822175016,0.39613994202852204,0.0542,0.058576449626898286
FLNC_MOUSE,GAGGQGQLDVR,2,26,0.5621,0.5565036551277311,0.16519105227058323,0.46342884170935117,0.4488313572231622,0.048,0.037427726228817494
FLNC_MOUSE,AFGPGLEGGLVNK,2,23,0.47481,0.4956556236419556,0.16071538494815846,0.4096697582617102,0.3932837586753126,0.04293,0.04446136080341816
FLNC_MOUSE,YDGNHIPGSPLQFYVDAINSR,3,40,0.24925999999999998,0.2521352037590385,0.037884111406710726,0.1784831197645303,0.17665135333849666,0.06012,0.058449562174981505
FUMH_MOUSE,FEALAAHDALVELSGAMNTAAcSLMK,3,57,0.19341999999999998,0.18920051018199133,0.013199965981798255,0.1718676552568208,0.16941578643160216,0.02042,0.014400141450677148
G3P_MOUSE,VPTPNVSVVDLTcR,2,19,0.40776,0.4108163528800842,0.16663328839815075,0.3766565813575944,0.3806924792625318,0.01701,0.02167173117874044
G6PI_MOUSE,FNNFSLNLNTNHGH,3,21,0.38924,0.41862737022894636,0.1447654197562565,0.36514370510927063,0.36365805010790375,0.01579,0.0346714232886549
GLYG_MOUSE,cVFMDADTLVLSNIDDLFER,3,30,0.2421,0.23805951294036076,0.05893159224319842,0.18458520126150427,0.1877825010935712,0.05025,0.04779362508306862
GRP75_MOUSE,DAGQISGLNVLR,2,24,0.49715000000000004,0.5270262819164019,0.16053515525507325,0.3692998280637464,0.3732493344400256,0.06557,0.08262054920328668
GRP75_MOUSE,EQQIVIQSSGGLSK,2,31,0.43672,0.4446542555998851,0.10141485637876078,0.3218906308696723,0.3060423033029963,0.07055,0.06187841086508846
GRP75_MOUSE,NAVITVPAYFNDSQR,2,29,0.37243000000000004,0.3918574829935921,0.09502829341453098,0.27330982734684317,0.2686878237176272,0.06691,0.0740948854602383
GSTM1_MOUSE,LGLDFPNLPYLIDGSHK,3,25,0.31694,0.3214045408446179,0.09763485263285313,0.28989819698901786,0.28345404687107034,0.02367,0.021997733919229743
GYS1_MOUSE,LYESLLVGSLPDMNK,2,22,0.35879,0.3694513295370413,0.12730129248148062,0.29429192149574773,0.28932474489171084,0.05097,0.05391236771541803
HBA_MOUSE,IGGHGAEYGAEALER,3,40,0.41981,0.3963822624264246,0.06380537916092124,0.3607813640677168,0.3592861349974552,0.02662,0.015000192574766537
HBB1_MOUSE,LHVDPENFR,3,18,0.5170600000000001,0.5409314668807342,0.22148941359632396,0.48682447963456976,0.4762254045903317,0.02124,0.028544974880614915
HEMO_MOUSE,SGAQATWTEVSWPHEK,3,34,0.34539000000000003,0.37731981163121947,0.06963756817141989,0.09280391194235044,0.09180742303438955,0.36011,0.2234379133852833
HS90B_MOUSE,ADLINNLGTIAK,2,19,0.48948,0.5263129463028813,0.20002860016952823,0.36831616532827166,0.35726138398352525,0.08718,0.09926067037994828
HS90B_MOUSE,HLEINPDHPIVETLR,3,30,0.35295000000000004,0.3884872608566538,0.08591452078577812,0.22760372326806394,0.21998579162940302,0.09843,0.11199586966167215
HS90B_MOUSE,YHTSQSGDEMTSLSEYVSR,3,38,0.28605,0.32395963864548133,0.04777010993904565,0.14837064800279673,0.1475808697631223,0.12431,0.14405924839101822
HS90B_MOUSE,YESLTDPSK,2,15,0.55326,0.5635150747456168,0.2729643718609016,0.3904979714492482,0.4070669292639707,0.10532,0.11539649675147264
HSP7C_MOUSE,NQVAMNPTNTVFDAK,2,25,0.37582,0.39286062258547244,0.11577311262850654,0.32099830832403975,0.3116941976672758,0.04045,0.044932370980209524
HSP7C_MOUSE,NQTAEKEEFEHQQK,3,38,0.37601,0.3963981056123476,0.0627933544421624,0.29354985406369394,0.2864842368273096,0.04809,0.05461028351635063
HSP7C_MOUSE,SINPDEAVAYGAAVQAAILSGDK,2,54,0.27399999999999997,0.2879415294541578,0.021537071867199453,0.20791238326275774,0.2092313424248918,0.04235,0.05246230612509636
HSP7C_MOUSE,MVNHFIAEFK,3,16,0.45148000000000005,0.4761419355418114,0.21250067902368722,0.4091209033098417,0.3946791880249171,0.03877,0.04568175034495915
HSPB6_MOUSE,VVDDHVEVHAR,3,23,0.48479999999999995,0.5253332674406147,0.16409683583510712,0.2893130322173122,0.3089522314340605,0.11354,0.14382205562354486
HXK2_MOUSE,GDFLALDLGGTNFR,2,21,0.41542999999999997,0.44585110759920316,0.15450595604085304,0.3280276536649991,0.3081562721112511,0.07565,0.0790737876815761
IF5A1_MOUSE,VHLVGIDIFTGK,3,13,0.45464,0.46016915376326956,0.24646435049594287,0.41254296476320906,0.39496096976336803,0.04826,0.036421250090363864
IF5A1_MOUSE,NDFQLIGIQDGYLSLLQDSGEVR,2,43,0.22579999999999997,0.24001091783341993,0.029796399640707304,0.18958350045585642,0.17676559776329895,0.04113,0.04148200063237265
IGHM_MOUSE,YLATSQVLLSPK,2,19,0.45393,0.45618473334507437,0.1855009039694246,0.21557569813031646,0.24001976984924517,0.22772,0.18544144788521486
IGKC_MOUSE,DSTYSMSSTLTLTK,2,16,0.40759,0.42228382298559364,0.19184272119089366,0.3218362079292705,0.32993576896510224,0.06374,0.08199462110599136
JPH2_MOUSE,YEGEWLDNLR,2,18,0.46791,0.4570922154471473,0.20043536826646025,0.43282532706261806,0.41097938296037173,0.03419,0.013548791735609822
KCC2A_MOUSE,VTEQLIEAISNGDFESYTK,3,35,0.29122,0.31421758171236613,0.05601445923403346,0.25083763877779214,0.24157288078237826,0.03387,0.043681744936782785
KCRM_MOUSE,MWNEHLGYVLTcPSNLGTGLR,3,32,0.23203,0.23674694289346512,0.05140291541590213,0.21735816857060153,0.21665376166634756,0.01271,0.016157507217248655
KCRS_MOUSE,ITHGQFDER,3,19,0.53369,0.544699128768747,0.21809525133708327,0.5008250141715869,0.48228271733315553,0.0254,0.02124053698671182
KCRS_MOUSE,EVENVAITALEGLK,2,27,0.42522,0.43268596383378244,0.11921522708132698,0.39687223297732377,0.37858654621805427,0.02362,0.017697897576096116
KCRS_MOUSE,SEVELVQIVIDGVNYLVDcEK,3,34,0.24456,0.24336134383528896,0.04930821295347997,0.22011353733480593,0.2179387147301324,0.02094,0.01802201585881281
KLH41_MOUSE,EFAPTEVNDIWK,2,20,0.42034999999999995,0.43697908248927964,0.16387522800671414,0.3334612279220338,0.3366312471230255,0.05645,0.06929597923745325
KPBB_MOUSE,FNPILDMLAAFK,2,18,0.41002000000000005,0.4305892665292193,0.17563742962666762,0.3502425556581172,0.3382116594631424,0.05226,0.0573654307716024
KPBB_MOUSE,QDDMTSFYNTPPLGK,2,22,0.3564,0.3921157096954591,0.12645330315895006,0.25863449747650297,0.27079848528245354,0.06652,0.10699579548623268
LDB3_MOUSE,DFNMPLTISR,2,15,0.48054,0.4992159597909587,0.23708617874785393,0.4495308475437506,0.4443364864605435,0.023,0.0321299354298551
LDHB_MOUSE,GLTSVINQK,2,13,0.57938,0.5935458464017023,0.3140870037619642,0.533990428254367,0.5364463747743764,0.02522,0.03566956093791344
MDHM_MOUSE,VDFPQDQLATLTGR,2,26,0.40692999999999996,0.4126587606920484,0.11958938783218007,0.3755046104587968,0.3665054165311439,0.02166,0.019666172981552158
MIC60_MOUSE,VVSQYHELVVQAR,3,28,0.40828000000000003,0.4284831488244215,0.1091996549733352,0.37127306107443675,0.3692258171624865,0.01999,0.029940283276262292
MLRS_MOUSE,NEELDAMMK,2,19,0.51013,0.5231988637042557,0.20846733228013695,0.5010242735616197,0.49242620087089417,0.00864,0.010887086998753568
MYG_MOUSE,GQHAAEIQPLAQSHATK,3,47,0.36162999999999995,0.3656147184365169,0.03952617196615861,0.33159287227263984,0.3262942908000527,0.0166,0.015886006853812824
MYG_MOUSE,GLSDGEWQLVLNVWGK,2,24,0.34017000000000003,0.3490766786479391,0.10984460175624715,0.3234828058854171,0.31484523826305666,0.01664,0.016756339944265015
MYH1_MOUSE,LLQAEIEELR,2,26,0.49701,0.511630375282796,0.14606227519836784,0.4652773774919508,0.4515034725889995,0.01984,0.020114569996574332
MYH1_MOUSE,KLEDEcSELK,2,20,0.49579,0.4983326193604209,0.19328583155334558,0.4681911379539359,0.4548017244006435,0.0208,0.014943420204694234
MYH1_MOUSE,KLEDEcSELKK,2,20,0.45840000000000003,0.47186987289102517,0.17870918167783462,0.42539967937645107,0.42238890964436643,0.01969,0.025707299084522683
MYH1_MOUSE,SILEEEcMFPK,2,22,0.42678,0.42884646702334295,0.1514246372676114,0.39148486559969053,0.39523786975687275,0.01738,0.020698606694504965
MYH1_MOUSE,ANLLQAEIEELR,2,31,0.45069000000000004,0.45031327794155646,0.10465896139710501,0.412985825262218,0.4018628741011241,0.02173,0.01624163439833309
MYH1_MOUSE,KIQHELEEAEER,4,36,0.42961,0.4274856072721323,0.07883125575958641,0.3783977788607722,0.37803227912012494,0.02272,0.021390159628769116
MYH1_MOUSE,YEETHAELEASQK,3,35,0.4215,0.43909962555767273,0.08107305324890154,0.3756814472908481,0.3624796411544817,0.0272,0.02909173280720656
MYH1_MOUSE,RESIFcIQYNVR,3,24,0.39359,0.38046417337571076,0.12709450217609228,0.35696620175647803,0.3652698956775854,0.01605,0.013151616759154706
MYH1_MOUSE,NAYEESLDHLETLK,3,28,0.38676,0.39082451427112597,0.10344385852230606,0.34513953016291304,0.3417255095885612,0.02473,0.02489311882092551
MYH1_MOUSE,QKYEETHAELEASQK,3,39,0.36373,0.3743064552150453,0.057948009699237975,0.323364501619374,0.31707607446280006,0.02365,0.025781817311808914
MYH1_MOUSE,QREEQAEPDGTEVADK,2,44,0.37639,0.3886737364550167,0.047383053266023455,0.34266524336644266,0.33181068899056126,0.0208,0.02137402469422491
MYH1_MOUSE,RQEAPPHIFSISDNAY,3,39,0.34005,0.3754453369227442,0.05417540675288229,0.3272921762715041,0.3061184969628231,0.01805,0.026089690315987447
MYH1_MOUSE,HADSVAELGEQIDNLQR,2,43,0.34928,0.3585668583246037,0.04609072837248117,0.31090866027550507,0.3078505231300952,0.02099,0.02422055378044096
MYH1_MOUSE,RQEAPPHIFSISDNAYQF,3,43,0.28503,0.2900087955804091,0.03761234627808151,0.25848864164061797,0.25213552984250653,0.02038,0.01935878334247135
MYH1_MOUSE,SELQAALEEAEASLEHEEGK,3,60,0.3002,0.30614040635813994,0.017787604294183516,0.26557831965037915,0.261268479648346,0.02119,0.02199164654568775
MYH1_MOUSE,LQQFFNHHMFVLEQEEYKK,3,36,0.21287,0.21477222290705483,0.03906056519527748,0.1786741094300779,0.18697138108199823,0.02305,0.03275071582792909
MYH1_MOUSE,SADIETYLLEK,2,19,0.47545000000000004,0.4820115883816964,0.19429516619801054,0.3476607076896066,0.336985320676072,0.09689,0.08457511364683694
MYH1_MOUSE,LQQFFNHHMFVLEQEEYK,4,36,0.23007999999999998,0.23906758212302381,0.04221851289580233,0.20834149129222546,0.20331200948060374,0.02196,0.025276089908843287
MYH1_MOUSE,AGLLGLLEEMRDDK,3,27,0.39664,0.39913875197576154,0.11120250145698118,0.3659333729543438,0.35886404885484074,0.02028,0.017585433570245435
MYH4_MOUSE,AAYLTSLNSADLLK,2,24,0.42164,0.44307484871870173,0.13615215299557293,0.3861321740324092,0.3746855812207125,0.02567,0.03133558191230156
MYH4_MOUSE,AGLLGTLEEMRDEK,3,28,0.40025,0.4209964140673087,0.10705192981061382,0.3483961784365897,0.35074472309114746,0.02642,0.03975308212604461
MYH4_MOUSE,LQDAEEHVEAVNSK,2,35,0.41802999999999996,0.4264313563856952,0.08040561909759979,0.3745421293956148,0.3646811589125138,0.02457,0.02364277222316644
MYH4_MOUSE,MEIDDLASNMETVSK,2,27,0.36567,0.3737419794245877,0.10251971235320267,0.3363889066839659,0.32977529637068026,0.02095,0.021717154544369777
MYH4_MOUSE,QKYEETQAELEASQK,2,40,0.36822000000000005,0.373541977636447,0.05596440464646965,0.3276298042013283,0.3263643300548005,0.02056,0.02254906294872649
MYH4_MOUSE,DLEEATLQHEATAAALR,2,46,0.35662999999999995,0.36393531566914455,0.04085950162639832,0.31919262398918513,0.31437975693657494,0.02052,0.02167603677490002
MYH4_MOUSE,TEGGATVTVK,2,14,0.5855,0.6071473373202098,0.3028018187940453,0.5532189317513848,0.5488260005752008,0.01985,0.029851211702280327
MYL1_MOUSE,HVLATLGEK,2,15,0.56796,0.5815190442961979,0.28021697690438074,0.5437697936766834,0.5373639499266039,0.01606,0.019970909284837798
MYOM1_MOUSE,EAAAYIAQK,2,25,0.56914,0.585852414802815,0.17532624480173542,0.5460326232629727,0.5263795557570554,0.01642,0.015175028950163054
MYOM1_MOUSE,DGIcTLLITEFSK,2,16,0.41404,0.42027363793900613,0.1948785796557266,0.386232501149674,0.3861567078666258,0.01944,0.023912477655340075
MYOM1_MOUSE,LVDEAFQDLMTEVcK,3,25,0.33958,0.35806476877700644,0.10460921075618182,0.31287598411954537,0.3094127563177831,0.01963,0.030115634896217235
MYOTI_MOUSE,PIQTLPAPK,2,18,0.5585600000000001,0.5825930983749892,0.23926648137230247,0.4849341594949216,0.48232951341407193,0.03897,0.05037634957329055
MYOTI_MOUSE,ASDAGPYAcVAR,2,31,0.49441,0.5122638262423114,0.11481159356618227,0.3777042035604606,0.3766228551974335,0.05307,0.05961521928896587
MYOTI_MOUSE,QAFNPEGEFQR,2,30,0.46448999999999996,0.49586258399605393,0.11306540801752676,0.34955285492342747,0.34112458790398914,0.06177,0.07185712619595651
MYOTI_MOUSE,LQPPGPEVSGFPSQTK,2,33,0.37506,0.3984879555458075,0.07926646189977707,0.2971090843574363,0.2844513989748001,0.05225,0.05735271015309557
MYOTI_MOUSE,VSGLPAPDVSWYLNGR,2,28,0.35683,0.3780343894577605,0.0954387010976173,0.2832735731832413,0.277331685092921,0.0518,0.06117669319000764
MYOTI_MOUSE,IPSTVDSNYQQSSVNQPVNAMSSQAANAR,3,69,0.17734000000000003,0.18545546265445545,0.006877324101982778,0.1178736020085969,0.11169541321896484,0.06947,0.0678645907031377
NACAM_MOUSE,GLPSAVALAPQTVPVEK,2,35,0.37109000000000003,0.42295928239631037,0.07137698536212307,0.18355617800936924,0.22081555439893635,0.09942,0.15968497096666412
NDRG2_MOUSE,MADSGGQPQLTQPGK,2,34,0.41389000000000004,0.4238991844067556,0.08344854538483737,0.2350795162040912,0.21277753975912034,0.13401,0.10495353709056646
NDRG2_MOUSE,FGDMQEIIQNFVR,2,25,0.37585999999999997,0.40061448315296433,0.11578543481600358,0.23246989986328934,0.21977789300190412,0.13095,0.12221735666526404
NDRG2_MOUSE,YALNHPDTVEGLVLINIDPNAK,3,37,0.24346,0.2819301363897262,0.04261836587942342,0.13546415459432626,0.12694153829108626,0.12398,0.14216741378896947
NDUAA_MOUSE,LLQYADALEHLLSTGQGVVLER,3,44,0.24239,0.2506394072872407,0.03051403672029391,0.21102842332181762,0.20476403235300286,0.02793,0.029204211372504906
NDUAA_MOUSE,QDDWTFHYLR,3,15,0.43536,0.4497688244753453,0.21479551916524262,0.40028578532920545,0.39882575737935994,0.02587,0.035644731263464784
NDUAD_MOUSE,WVPPLIGEMYGLR,2,21,0.37371000000000004,0.3659953669500203,0.13898953092464963,0.35074375295444815,0.3346391326174007,0.02601,0.009584118769239926
NDUS1_MOUSE,DDGAAILVAVSNMVQK,2,31,0.381,0.4004358441638221,0.08847559140938785,0.3176468525753658,0.3112697103045239,0.0389,0.046152086452947445
NDUS2_MOUSE,TVDIGVVTAEDALNYGFSGVMLR,3,36,0.23451,0.22376358823670267,0.04303139542417683,0.19155754126618493,0.18701019692311183,0.04073,0.02604880400603804
NDUS3_MOUSE,FEIVYNLLSLR,2,15,0.43351999999999996,0.4534758042358691,0.21388771009857582,0.3992719033724055,0.3888664951767516,0.03247,0.039606780875963254
NDUS3_MOUSE,VVAEPVELAQEFR,2,32,0.41662999999999994,0.4373282936905485,0.09229839524943888,0.36764607808657124,0.3488157863450783,0.03351,0.03398980740135233
NDUV1_MOUSE,GPDWILGEMK,2,15,0.48554,0.4995629398721464,0.23955305121162235,0.44009720298530264,0.42876134293221596,0.03749,0.03870905916041911
NIPS2_MOUSE,HGWEELVYYTVPLIQEMESR,3,38,0.22011,0.2178703986631917,0.0367581852776904,0.19398274928939865,0.1907711510280752,0.02491,0.019824283359910173
OBSCN_MOUSE,EGQYVEVLDSAHPLR,3,34,0.37143,0.38364255302320416,0.07488775571357158,0.33311637962863966,0.33899088941070543,0.01655,0.02641426084795386
OBSCN_MOUSE,cEIGGASSSSIVR,2,30,0.48284999999999995,0.47098145136384906,0.11753456965976188,0.4479930867179203,0.446759492456397,0.01486,0.009272481547844593
OBSCN_MOUSE,VEVVYFENGLR,2,18,0.45289999999999997,0.472868639016977,0.19400563845158222,0.3343495064527251,0.31676427315643296,0.1066,0.09688223431471414
ODO1_MOUSE,LVEDHLAVQSLIR,3,26,0.41881999999999997,0.42283946688032203,0.12308364439061671,0.3620475913636304,0.33905987689214057,0.0449,0.03238410307943685
ODO1_MOUSE,LGFYGLHESDLDK,3,20,0.413,0.41218959328018195,0.16100979937379076,0.31268633259009176,0.3064478461163957,0.07852,0.06754722149843921
ODO1_MOUSE,IEQLSPFPFDLLLK,2,22,0.35674,0.36683443991311554,0.12657393762324312,0.3066143809923932,0.29185229365101195,0.04731,0.04226635896190086
ODO1_MOUSE,NTNAGAPPGTAYQSPLSLSR,2,44,0.32147,0.32198179188831777,0.04046927424593788,0.2483051238830704,0.24806804957424886,0.04325,0.04236666912031055
ODO1_MOUSE,VFHLPTTTFIGGQEPALPLR,3,34,0.26404,0.26064374387046046,0.05323577260482847,0.22728803366557646,0.21400337688409457,0.03871,0.024392747247523768
ODO1_MOUSE,NITLSLVANPSHLEAADPVVMGK,3,43,0.24257,0.2708117574129319,0.032009356336786414,0.20699505322971323,0.1881463372977851,0.04272,0.049858378007088595
ODO1_MOUSE,FGLEGcEVLIPALK,2,24,0.39161999999999997,0.4053405312253131,0.12645836769786137,0.3312936018468067,0.3183651169883907,0.04619,0.045463271943230965
ODPA_MOUSE,GPILMELQTYR,2,19,0.44093000000000004,0.4513927502948759,0.1801883849651673,0.4134935433094004,0.4009933799274128,0.02375,0.02227358949656527
PACN3_MOUSE,ALYDYAGQEADELSFR,2,38,0.34154,0.3315707142435006,0.05703689337032565,0.2415555232675448,0.24939796226193817,0.05591,0.0523495877122726
PDLI3_MOUSE,LSGGIDFNQPLVITR,2,24,0.38374,0.40588208817599963,0.12391382978493777,0.30027967434983904,0.2920228722798361,0.0622,0.06986135879390694
PDLI3_MOUSE,GYFFVEGELYcETHAR,3,30,0.30462,0.2721210151398854,0.07415010999224743,0.1447767253637505,0.14929515842203717,0.1601,0.10074190038090158
PFKAM_MOUSE,LNIIIVAEGAIDK,2,23,0.44571,0.45843311804909903,0.1508655129951848,0.31055883644855375,0.3193423129601769,0.07995,0.08961441234089809
PFKAM_MOUSE,VLVVHDGFEGLAK,3,20,0.43579999999999997,0.46223988120378284,0.16989847594938987,0.3130775895951534,0.3120219236444818,0.08949,0.10261583077330824
PFKAM_MOUSE,GGLHTVAVMNVGAPAAGMN,2,38,0.3382,0.3707371862439572,0.056479116173344654,0.21609527395642486,0.239380442519122,0.06171,0.09993926426658344
PFKAM_MOUSE,AIAVLTSGGDAQGMNAAVR,3,43,0.35167000000000004,0.34183692036784136,0.04640611099046741,0.23435810681685412,0.24226150717974254,0.0634,0.059152403225364684
PFKAM_MOUSE,NVLGHMQQGGSPTPFDR,3,34,0.33629,0.3134729052719378,0.06780282521314106,0.20563362630748128,0.22206955975711257,0.07916,0.06890267103369355
PFKAM_MOUSE,IVEIVDAITTTAQSHQR,3,35,0.34399,0.35062702894636927,0.06616445928135146,0.21863672709935875,0.22770778305143552,0.07746,0.08399078786516856
PFKAM_MOUSE,GITNLcVIGGDGSLTGADTFR,2,32,0.29896,0.30818866193622335,0.0662302960511059,0.1987276808471362,0.21301952060663898,0.06584,0.08299183693324438
PFKAM_MOUSE,YEIDLDTSDHAHLEHISR,4,38,0.29407,0.3193844877141638,0.04910944320844312,0.18691134262152972,0.1876491816870134,0.08142,0.09814610484912559
PFKAM_MOUSE,GQIEEAGWSYVGGWTGQGGSK,3,42,0.28628,0.2938099719644652,0.0395991394969329,0.17921408641980752,0.1909658499114184,0.06977,0.08177929766599354
PFKAM_MOUSE,GQIEEAGWSYVGGWTGQGGSK,2,42,0.28628,0.30375676139622915,0.0395991394969329,0.18442025379465932,0.19000470845163703,0.07068,0.08582642119723811
PFKAM_MOUSE,VFFVHEGYQGLVDGGEHIR,4,35,0.27510999999999997,0.28210327660109197,0.05291579520594377,0.1753373309314816,0.17848308591546613,0.08153,0.08513585537665115
PFKAM_MOUSE,GGLHTVAVMNVGAPAAGMNAAVR,3,50,0.2691,0.2839610711920404,0.02553696849881429,0.17065561863906722,0.17900860405356284,0.06598,0.08191501438543826
PFKAM_MOUSE,EATWESVSMMLQLGGTVIGSAR,3,43,0.24521,0.2665599074867043,0.03235772876836953,0.16341511640522846,0.16870271847507143,0.06363,0.08599924706182323
PFKAM_MOUSE,cNENYTTDFIFNLYSEEGK,2,29,0.25481000000000004,0.26126661529972095,0.06501667278403093,0.17448757487028976,0.18049417542205926,0.07098,0.08025119831622053
PFKAM_MOUSE,cNENYTTDFIFNLYSEEGK,3,29,0.25481000000000004,0.2598611043946875,0.06501667278403093,0.17564667614167098,0.1819420264853356,0.0692,0.07745123517664532
PFKAM_MOUSE,MGVEAVMALLEGTPDTPAcVVSLSGNQAVR,3,60,0.16222,0.1801008252275575,0.00961194260027465,0.1151505060156403,0.11504359708957307,0.05283,0.07373868036576059
PFKAM_MOUSE,NLEQISANITK,2,21,0.49962,0.5194661434839856,0.1858177448839299,0.3748724778774625,0.3858028774767085,0.06436,0.08099120915670761
PFKAM_MOUSE,SSYLNIVGLVGSIDNDFcGTDMTIGTDSALHR,3,50,0.13858,0.14206327480464817,0.013150921941901464,0.09252673181410911,0.09441227031649103,0.06201,0.06756059473114026
PGM1_MOUSE,QEATLVVGGDGR,2,25,0.51527,0.5304610779382316,0.1587313387900872,0.4875088355123972,0.4808573089011158,0.0145,0.018246657777964834
PGS2_MOUSE,NSGIENGAFQGLK,2,26,0.46799,0.46742648122292013,0.13753382058728025,0.3488453032717755,0.3612624992529291,0.05572,0.06046060493858883
PLEC_MOUSE,LAAEQELIR,2,25,0.55036,0.5797769255997701,0.1695409777718718,0.4920610434829078,0.4806782656823414,0.02887,0.03669455549463984
PLEC_MOUSE,AQLEPVASPAK,2,29,0.52479,0.5792958677790642,0.13390408426016084,0.4776453228997643,0.4647344460340208,0.02383,0.041980733834464094
PLEC_MOUSE,APVPASELLDAK,2,27,0.49339,0.5296190156353753,0.13832745611602446,0.44500689847535485,0.42442818677525807,0.03085,0.03809941878038036
PLEC_MOUSE,AMTVWELISSEYFTEEQR,3,36,0.2622,0.267082696337969,0.04811236996383594,0.224730963581852,0.21679776586647603,0.03405,0.031055930171466673
PLEC_MOUSE,LSVAAQEAAR,2,31,0.5674199999999999,0.610632847777925,0.13176593196198122,0.48773342670117514,0.4906066136872308,0.02771,0.04598490715351677
PPR3A_MOUSE,LDLHLGVLPTDR,3,17,0.45405999999999996,0.507748019416187,0.20388260007732378,0.31779322282959077,0.32713820228483675,0.10113,0.14964768071974593
PRDX1_MOUSE,ATAVMPDGQFK,2,21,0.48794,0.5081763075385345,0.18147374092042903,0.4207008166189817,0.4204914545398253,0.03551,0.046595515638876366
PRDX1_MOUSE,QITINDLPVGR,2,19,0.49455,0.5079927369723217,0.20210048258118857,0.45974260135156203,0.45492409507309006,0.0208,0.02551377532541835
PRDX3_MOUSE,GLFIIDPNGVVK,2,15,0.46149,0.46311427138644795,0.2276873946608963,0.43427641591843874,0.42897750297810416,0.02139,0.01870706614183379
PRDX3_MOUSE,TPAVTQHAPYFK,3,22,0.43738999999999995,0.4524441971986485,0.1551891421680504,0.40604698867266886,0.39569370922696645,0.02284,0.025418236765964632
PRDX3_MOUSE,DYGVLLESAGIALR,2,27,0.42116,0.4316121220519669,0.11807696025015679,0.38710842836680776,0.3729299394020049,0.02476,0.022516733385622486
PURA1_MOUSE,VEVEYETLPGWK,2,19,0.41703,0.42690015492868033,0.17042152310349423,0.32676366268694484,0.3293766537537067,0.06274,0.06978495544602233
PURA1_MOUSE,VVDLLATDADIVSR,2,23,0.42847,0.4436770644957362,0.1450300562092994,0.33859032385348053,0.3260577931417521,0.06405,0.06278349461084873
PURA1_MOUSE,cQGGNNAGHTVVVDGK,3,28,0.40942999999999996,0.39638190618827357,0.10950723703275356,0.31094993672259885,0.3214518508018607,0.0496,0.046487907237531156
PYGM_MOUSE,VIFLENYR,2,12,0.5252,0.5371544475813446,0.2984462124912221,0.48559689214762136,0.4741966099716578,0.0364,0.036174502570134756
PYGM_MOUSE,TNFDAFPDK,2,13,0.53591,0.542073572300587,0.2905215336844113,0.4833907805484977,0.47693227611258515,0.03927,0.03824813841600361
PYGM_MOUSE,DFYELEPHK,2,17,0.49203,0.5136994525340338,0.22093193788496154,0.43876743695954623,0.41941437302446943,0.04454,0.04494298384167438
PYGM_MOUSE,VVAATLQDIIR,2,21,0.49732,0.5269104464643025,0.18496233314454189,0.44087864868388144,0.4323555147459039,0.03331,0.044765324580873435
PYGM_MOUSE,GLAGVENVSELK,2,23,0.50154,0.5126884407418385,0.16976305083485896,0.42762929163058694,0.4167518290496016,0.04216,0.04131977726117058
PYGM_MOUSE,VFADYEEYIK,2,17,0.45908,0.4641931222932513,0.20613668687728012,0.388672365589447,0.3770156358057132,0.05603,0.04901990146713657
PYGM_MOUSE,GLAGVENVSELKK,3,23,0.46371,0.47644475552719956,0.15695821729599324,0.40015905652534034,0.39039210367247934,0.03902,0.039944531755932156
PYGM_MOUSE,PEFTLPVHFYGR,3,19,0.40279000000000004,0.40378082542319765,0.1646022715172924,0.3446405702418941,0.35779516500061437,0.02991,0.03987389038593499
PYGM_MOUSE,WPVHLMETLLPR,3,19,0.38597000000000004,0.3989006670335864,0.15772868923639946,0.34826404043413206,0.3406257435476945,0.03164,0.035209375246685014
PYGM_MOUSE,DFNVGGYIQAVLDR,2,24,0.39904000000000006,0.41297565465956587,0.1288543665955636,0.33996577129358707,0.3321292673548558,0.04065,0.0438187050998819
PYGM_MOUSE,DFNVGGYIQAVLDR,3,24,0.39904000000000006,0.40235286541042453,0.1288543665955636,0.33839916231631734,0.328602902281278,0.04315,0.03781670578281641
PYGM_MOUSE,QIIEQLSSGFFSPK,2,28,0.38841000000000003,0.3955999056648882,0.10388517191190635,0.3257207846559259,0.3221852276668665,0.03785,0.039394129447759114
PYGM_MOUSE,ARPEFTLPVHFYGR,4,27,0.35511000000000004,0.3690965480625386,0.09955909714700634,0.30550609939448536,0.3039964566758543,0.03188,0.039970939661699824
PYGM_MOUSE,QEYFVVAATLQDIIR,2,29,0.34894,0.3437631043053041,0.08903464464212452,0.2873650682515561,0.2747430159141905,0.04802,0.03436254607595111
PYGM_MOUSE,WLVLcNPGLAEVIAER,3,31,0.3319,0.3336850028749597,0.07707361886817801,0.27328440654116815,0.27443026037061,0.03651,0.03787389109690987
PYGM_MOUSE,WLVLcNPGLAEVIAER,2,31,0.3319,0.3288793979772253,0.07707361886817801,0.26660810530866946,0.27191824559847105,0.03834,0.03917503879996882
PYGM_MOUSE,LITAIGDVVNHDPAVGDR,3,33,0.34502000000000005,0.35227707532508196,0.07291770565952403,0.2859699960074091,0.2797665027933528,0.03917,0.03905363149561629
PYGM_MOUSE,IcGGWQMEEADDWLR,3,31,0.32484,0.3392690146032789,0.07543414990400406,0.2808357330223929,0.26391784211025143,0.04001,0.037390832518228515
PYGM_MOUSE,IcGGWQMEEADDWLR,2,31,0.32484,0.31648330850176226,0.07543414990400406,0.26341871723917903,0.25763897914711614,0.04485,0.033628326289799844
PYGM_MOUSE,TcAYTNHTVLPEALER,3,31,0.33905,0.3427765097818946,0.0787339875783542,0.28248746214142434,0.2834710073789841,0.03431,0.03691694481127179
PYGM_MOUSE,LKQEYFVVAATLQDIIR,3,30,0.29948,0.3110614233174185,0.07289893946713367,0.2394644550328422,0.24115092407519045,0.04252,0.052273232428350795
PYGM_MOUSE,LAAcFLDSMATLGLAAYGYGIR,3,41,0.23859000000000002,0.2428211310021488,0.03459408629489549,0.1916159200137007,0.19478878827245513,0.03453,0.04035917375037971
PYGM_MOUSE,LPAPDEKI,2,17,0.59441,0.6076682705789778,0.26690273600837344,0.5424569824789538,0.5189383076748824,0.03742,0.031276745309513916
QCR1_MOUSE,TDLTDYLNR,2,11,0.53473,0.5423258624336443,0.31851566144796795,0.514140744237398,0.5048849679088284,0.02122,0.019836259574413057
QCR1_MOUSE,LcTSATESEVTR,2,23,0.47691,0.4870850024982184,0.16142620044991943,0.4484143800340648,0.43983410815464885,0.01786,0.018584001683890544
QCR1_MOUSE,AIIGHYDcTYGGGVHLSSPLASVAVANK,4,52,0.18760000000000002,0.20706542584399623,0.016202375864282213,0.16544545683413617,0.1644695896775886,0.02071,0.03890135177612032
QCR2_MOUSE,SMAASGNLGHTPFLDEL,2,33,0.34954999999999997,0.3682983189535107,0.07387509133756484,0.32264694983231057,0.31361923924521806,0.01995,0.025615715241335286
RAB10_MOUSE,AFLTLAEDILR,2,20,0.47091,0.4867252793309393,0.18358625816734095,0.34535314255247285,0.33278355954807504,0.09362,0.08758256948610045
RTN2_MOUSE,IPGTGTLAPTASVSGSK,2,30,0.41631,0.427738561066599,0.10133750998251108,0.3691500328081706,0.36847816078578827,0.02353,0.029044532201939276
RTN2_MOUSE,LSQQIASHVVSTATQLR,3,37,0.35217,0.3645528323526852,0.06164836076462887,0.3100156606887647,0.30185224086534357,0.02717,0.02933446243606252
RTN4_MOUSE,YSNSALGHVNSTIK,3,23,0.42688000000000004,0.4382615422602203,0.14449186732939467,0.39057675630586014,0.38520658341325054,0.02281,0.026159979189796158
RYR1_MOUSE,QYDGLGELLR,2,19,0.51021,0.5046397125007366,0.20850002470477855,0.44739509057640975,0.43116453694235124,0.0434,0.02967620318787814
RYR1_MOUSE,LAENGHNVWAR,3,25,0.48018,0.4898696207167368,0.14792169980830255,0.4094834828176373,0.41574104792978633,0.0308,0.03874369355620689
RYR1_MOUSE,YSVQTSLIVATLK,2,17,0.4299,0.4494397498322948,0.1930342460759404,0.38437531326933944,0.37102890459267707,0.04082,0.04463087545851415
RYR1_MOUSE,LEVQMLMPVSWSR,2,23,0.36405,0.3703904178979218,0.12322494448385055,0.32012971812791363,0.313762774796243,0.03346,0.03292577258887959
RYR1_MOUSE,LVYYEGGPVcTHAR,3,25,0.38121000000000005,0.4222486386868141,0.11743352739373367,0.3052840546875131,0.3157753759443793,0.04073,0.07739073402556643
RYR1_MOUSE,VAQGWSYSAVQDIPAR,2,37,0.35871000000000003,0.37227994353808874,0.06279320637726106,0.3115261561295362,0.2926963975061945,0.03606,0.032340353576895825
RYR1_MOUSE,SKLDEDYLYMAYADIMAK,3,31,0.26193,0.2788758591518522,0.06082522744845396,0.22648618419373548,0.20939816932376856,0.04325,0.04206313133728889
RYR1_MOUSE,GETGAMVSSTLK,2,20,0.50062,0.4960448171760836,0.1951688275121238,0.4288260181083059,0.42608850594580383,0.03996,0.0348968644391164
SCOT1_MOUSE,VVVTMEHSAK,3,16,0.51139,0.5271000381068045,0.24069886206681004,0.4550571399728601,0.45006371933127504,0.0367,0.043080095639897724
SCOT1_MOUSE,MISSYVGENAEFER,2,31,0.37804000000000004,0.39252194765061826,0.08778822198531491,0.3131190069855044,0.31138822312177306,0.03727,0.04442640560969254
SDHA_MOUSE,ANAGEESVMNLDK,2,29,0.45317,0.44921613607603905,0.1156297068621298,0.39259009744003187,0.364545557539875,0.04351,0.025976096319739243
SDHA_MOUSE,LPGISETAMIFAGVDVTK,2,29,0.3236,0.3444658060940832,0.08256895456580357,0.27427184930852133,0.26123809971732526,0.04277,0.047661334673874164
SDHB_MOUSE,cGPMVLDALIK,2,16,0.46703000000000006,0.4736138213638022,0.21981968664045504,0.38908153557674663,0.39050122056618775,0.05292,0.057201135463231176
SDHB_MOUSE,DLVPDLSNFYAQYK,2,22,0.36563,0.38753673685517553,0.12972817405725845,0.3080184579747802,0.29646650895433246,0.04957,0.05627060691225587
SODM_MOUSE,AIWNVINWENVTER,2,24,0.35558,0.36070617755600537,0.11482065876616504,0.32982069426374905,0.3260253682934082,0.01871,0.019501711392558557
SPTB2_MOUSE,DLDDFQSWLSR,2,19,0.44838,0.4077628563411782,0.18323286700991473,0.31756468729806975,0.2842545210946183,0.13785,0.05686333223562575
SUCA_MOUSE,AKPVVSFIAGITAPPGR,3,34,0.36284999999999995,0.3998896717291482,0.07315785521005154,0.3567422257920964,0.33257277569009475,0.01577,0.022862047099028476
SUCB1_MOUSE,SSDEAYAIAK,2,25,0.55115,0.5535327083765577,0.1697843409749385,0.49008904147662363,0.47667104887866807,0.03104,0.025742404781692152
TERA_MOUSE,LGDVISIQPcPDVK,2,23,0.40621,0.4501542815745382,0.13749541189063297,0.2874892447575942,0.3084468973671668,0.06461,0.1126523301805835
TERA_MOUSE,NAPAIIFIDELDAIAPK,2,36,0.33755,0.3565804004011783,0.061938712743298326,0.22851019861129548,0.21489489555340785,0.08412,0.08180560397453022
TERA_MOUSE,GPELLTmWFGESEANVR,2,33,0.30917,0.31979744701287033,0.06534104416774403,0.23040929236319757,0.21968089256895904,0.06533,0.06197147929375156
THIL_MOUSE,ASKPTLNEVVIVSAIR,3,30,0.37227,0.3942756595179062,0.09061736408250919,0.3492982676222076,0.32851358312711326,0.02412,0.024634515869947
THIM_MOUSE,TNVSGGAIALGHPLGGSGSR,3,41,0.36331,0.37292583049199063,0.05267772116098111,0.3481214660820245,0.3235994158011695,0.01954,0.01186276023175597
TITIN_MOUSE,IDGGQYILR,2,16,0.5459,0.549257832075072,0.2569418815429938,0.5241856719334543,0.5139844632578002,0.01672,0.01293310701784153
TITIN_MOUSE,AAWYTIDSR,2,17,0.52703,0.5277170855039838,0.2366476825061709,0.49610607694977477,0.4929758149110969,0.01782,0.016397887085273306
TITIN_MOUSE,NEGGESDWVR,2,22,0.53005,0.5427829895394441,0.18806558176038576,0.49803258807944306,0.49342978564527396,0.01618,0.019916659439250046
TITIN_MOUSE,IADASPDEGWK,2,24,0.5044,0.5085837365447167,0.16287625929932403,0.4692631046544138,0.4629586868693585,0.01848,0.017394390778059605
TITIN_MOUSE,LTVIEPAWER,2,20,0.48327,0.49621655761958144,0.1884048565214815,0.4606858982997279,0.44333463050027533,0.02079,0.018251125884813448
TITIN_MOUSE,DGAALSPSPDcR,2,29,0.50315,0.49664679178761995,0.12838247679166892,0.45910794195985816,0.4518038052318301,0.02105,0.015026039915432396
TITIN_MOUSE,IADFSTHLINK,3,16,0.47481,0.47459574474954047,0.22348154382749383,0.44992048116482886,0.44726987925576256,0.01658,0.014714134077608366
TITIN_MOUSE,PIAILQGLSDQK,2,24,0.4731,0.48223279841944394,0.15276914804621372,0.4415231757093652,0.4281498122673948,0.0216,0.019308803277258906
TITIN_MOUSE,EETSTSYAELR,2,25,0.49174,0.4970319230074525,0.1514828119949492,0.4683293350193056,0.4564767091154337,0.01563,0.01255907110578009
TITIN_MOUSE,ASMADAGLYTcK,2,23,0.46142000000000005,0.48065512415786554,0.15618308991550153,0.42738315603432614,0.42524681007452025,0.01802,0.02710805684046373
TITIN_MOUSE,LFFVSEPQSIR,2,21,0.44881,0.46035687311358725,0.166920583806406,0.42479356286233144,0.4180089296996555,0.01653,0.019159819730801022
TITIN_MOUSE,TVDTTAEQTSFR,2,21,0.47165999999999997,0.48464864955088016,0.17541891347815214,0.45682738594722777,0.4410141823089939,0.0156,0.01404631549685864
TITIN_MOUSE,VNWYLNGQLIR,2,16,0.43494999999999995,0.4507578692703145,0.20472040919055715,0.41356789853534526,0.4002197547587675,0.02336,0.024940134218794856
TITIN_MOUSE,EAAILYKPAVSTK,3,25,0.43603000000000003,0.44052446936801554,0.1343210853584368,0.4105636823765968,0.404780674453277,0.01562,0.014890603278109179
TITIN_MOUSE,HSDAGEYTFVAGR,3,28,0.4451,0.4676926772502656,0.11904763012793057,0.41148690147170647,0.3975671126855677,0.02251,0.026748650598391998
TITIN_MOUSE,EISLEAMDFVDR,2,25,0.42612,0.4446051983158153,0.13126826340604333,0.39457439081563994,0.38871494636205606,0.01938,0.0262967283578251
TITIN_MOUSE,GKGEQAWSHAGISK,3,32,0.43247,0.48719844591859507,0.09580751984620609,0.3932206916128054,0.39251029655770353,0.01805,0.045443767047785674
TITIN_MOUSE,ATGLIEGLDYQFR,2,24,0.41689,0.42903962411488333,0.13461832620796035,0.39662010639409023,0.3818065261111051,0.01896,0.017349670589648897
TITIN_MOUSE,EIAAPELEPLHLR,3,34,0.41590000000000005,0.4305421806673933,0.08385380179650115,0.37214756611440303,0.36660125577286096,0.02296,0.02733240075796268
TITIN_MOUSE,AGIGPPSDASNPVLMK,2,32,0.3933,0.4075594612291639,0.0871299686810943,0.35826521843284154,0.3585888303612484,0.01719,0.024851970076612794
TITIN_MOUSE,ELPLIFITPLSDVK,2,19,0.37860999999999995,0.3912180865108702,0.15472098616937377,0.3595829668198218,0.3562514298215178,0.01503,0.021611545191185164
TITIN_MOUSE,VVGKPDPEcEWYK,3,21,0.38032,0.36875163153963564,0.14144790988002126,0.3437938698649269,0.34422924283043677,0.0234,0.015705701577696112
TITIN_MOUSE,VSGENEFGVGVPAETK,2,31,0.39653,0.41900650517281063,0.0920819586917705,0.39485305856771413,0.3660497190371544,0.01507,0.011783176892824527
TITIN_MOUSE,VAGSSPISIAWFHEK,3,30,0.37378999999999996,0.3904427980601859,0.0909873600354611,0.3469424867755942,0.3360194714790051,0.02048,0.0236641002541102
TITIN_MOUSE,YGIGEPLDSEPETAR,2,35,0.39571,0.40308367823295466,0.07611249798605653,0.35941827661215375,0.35459978155360244,0.01967,0.020851370380309486
TITIN_MOUSE,IENLQEGcSYYFR,2,26,0.37159,0.3800591874634825,0.10920359920516992,0.3521402299047107,0.3427727610263195,0.01662,0.016009269198872047
TITIN_MOUSE,ESLSTYEHYASAEMK,3,33,0.35470999999999997,0.3675835428097843,0.07496562336818087,0.2989122265646301,0.31456451626137705,0.02213,0.03937267587778666
TITIN_MOUSE,DSVSITWEPPLLDGGSK,2,28,0.35095999999999994,0.35477343215915574,0.09386869528128175,0.3231258100638667,0.32008039677384403,0.01828,0.018667916848297755
TITIN_MOUSE,AEGFINLQVIDVPGPVR,2,33,0.33845,0.3428193414333486,0.07152917941123965,0.3230798268310018,0.3077417357955956,0.01746,0.010955313976430459
TITIN_MOUSE,STVTLAWEKPLYDGGSR,3,28,0.33253,0.3415120437298524,0.0889393584507768,0.30116593280524406,0.30565565691244256,0.0167,0.025621081689367723
TITIN_MOUSE,DEKEFEELVAFIQQR,3,36,0.33302,0.34307141218030934,0.06110748072218399,0.2985030395164637,0.2926330676866398,0.02297,0.025334254836676846
TITIN_MOUSE,LVEGGSVVFEcQIGGNPK,2,32,0.33255,0.3194000493951574,0.07367167832417469,0.29188233683708487,0.2974885433977353,0.02079,0.015992192132255133
TITIN_MOUSE,cYAFLLVQEPAQIIEK,2,33,0.31099,0.30770962740746355,0.06572568918629464,0.28377966390442294,0.26876638860318425,0.02699,0.014618260778150996
TITIN_MOUSE,NNVEIHPTSNcEIMFK,3,28,0.31516,0.3092382541857973,0.08429353204025747,0.28448887672691026,0.28519598520074035,0.01986,0.01613546857247861
TITIN_MOUSE,YGISFVDGLATFQISNAR,2,32,0.31314,0.3172266668413013,0.06937167147927248,0.2858703425204456,0.27861091455071785,0.02182,0.019557815710880323
TITIN_MOUSE,FLcTVSGTPVIEIIWQK,3,22,0.29605,0.30684705611236557,0.10504068574693368,0.27597938312314557,0.2724500661892483,0.01884,0.02495153329247814
TITIN_MOUSE,FLcTVSGTPVIEIIWQK,2,22,0.29605,0.29858682482456567,0.10504068574693368,0.2712690222911663,0.2699032515977242,0.02103,0.021892181173085744
TITIN_MOUSE,TSFNVTNLVPGNEYFFR,2,23,0.29961,0.301127963544867,0.10141306308695636,0.2802586240152231,0.2792934191334252,0.01545,0.01583422787799599
TITIN_MOUSE,PIYDGGSEILGYVVEIcK,3,28,0.3012,0.30222871396205686,0.08055975330157873,0.27091055222731864,0.2750114006007548,0.01805,0.02171657036693958
TITIN_MOUSE,ILIIQNAQLEDAGSYNcR,2,39,0.30383,0.2980629277932209,0.04840498113138721,0.2631195280989278,0.27164530983661056,0.01924,0.020880387849451138
TITIN_MOUSE,YTLTIQNVLSAASMTFVVK,3,25,0.27796,0.3048493297896577,0.08562688091698067,0.27016732631013424,0.25989566856205143,0.01409,0.02808295595504162
TITIN_MOUSE,MEFTVTSLDENQEYEFR,2,33,0.28109,0.2763500472328864,0.05940652102439166,0.26114905646942715,0.2552979543409165,0.01767,0.010131666815676172
TITIN_MOUSE,SLSGQYScTATNPIGSASSGAK,2,46,0.30372,0.31802696126658964,0.034797543207160636,0.27720565788871293,0.27085684997880816,0.01862,0.023330971314261043
TITIN_MOUSE,EKDTMATFEcETSEPFIK,3,32,0.27581,0.2841251848338626,0.06110174589863366,0.2475363067654483,0.24556497603387498,0.02169,0.026418886717696353
TITIN_MOUSE,EVMVTTQEQTHISHEQIR,4,40,0.28512,0.288490211807991,0.043334341026564076,0.2504442593032492,0.24485897501632994,0.02602,0.024247742532573162
TITIN_MOUSE,ETVFSVQNLIEGLEYEFR,2,34,0.27629000000000004,0.28067263167608497,0.055705618894819196,0.25887400280389805,0.251528445088635,0.01701,0.014815012703881589
TITIN_MOUSE,SGGNYQISYLENSAHLTIVK,3,35,0.27929,0.2806179687631778,0.053719793693679026,0.2440471857084431,0.24555782837554177,0.02314,0.02503833671683674
TITIN_MOUSE,HGETSASASLLEEADYEALVK,3,49,0.28437999999999997,0.29264321165579704,0.02828847788277967,0.24830086446385718,0.23975884677247028,0.02735,0.02687727428245537
TITIN_MOUSE,GGYHQLIIASVTDDDATVYQVR,3,40,0.24712,0.2469374132682698,0.03755886067089126,0.2262487385263854,0.22411748538010673,0.01661,0.014799572668954217
TITIN_MOUSE,VTVGDSASLQcQLAGTPEIGVSWYK,3,45,0.21133,0.22823685540984598,0.025379977440828625,0.1947196806114253,0.18842362504758692,0.01878,0.028070431526120026
TITIN_MOUSE,EDGTQSLIIVPASPSDSGEWTVVAQNR,3,57,0.19820000000000002,0.20556878173520204,0.013526177528654816,0.17231291124871498,0.1731102920796129,0.02086,0.028041882818543133
TITIN_MOUSE,SITVHEGESAR,3,27,0.52137,0.5577244754099098,0.14617196496729093,0.5009157341065319,0.48418483777872057,0.01491,0.023267502139488565
TITIN_MOUSE,NAAGAISKPSDSTGPITAK,3,40,0.36682000000000003,0.3697342057971426,0.05575162379126065,0.34877133949266537,0.3378011688505754,0.01399,0.009951513961114178
TITIN_MOUSE,DSPNIQTSFLDNIATLNIFK,2,30,0.2672,0.2712057060895326,0.06504139383470721,0.24723078128808712,0.24239625100799345,0.0187,0.01794671021189578
TITIN_MOUSE,ESADLVWTK,2,14,0.54141,0.550170686194495,0.27999988507819645,0.5259312729052855,0.5169739005176208,0.01402,0.013860661890404602
TITIN_MOUSE,ETVFSVQNLIEGLEYEFR,3,34,0.27629000000000004,0.2807488956426163,0.055705618894819196,0.2535254109374053,0.25334623325079414,0.01569,0.0187187076499929
TITIN_MOUSE,STISVTLTVEAVEHQIKPAFVEK,4,41,0.22617,0.2289560651838086,0.032793262489276644,0.19606883834304717,0.19656281860424019,0.02374,0.02636139357169672
TM38A_MOUSE,GMGLGTQHSGLPAK,3,27,0.44494,0.46207528365273826,0.1247439516898679,0.40051394208586305,0.38872398243512857,0.02758,0.030106232407639162
TM38A_MOUSE,GSGVALLSNVEQLLR,2,30,0.41037999999999997,0.40440645577864187,0.09989403892921835,0.37255821909361236,0.35579709522332154,0.02762,0.015405187104223438
TNNC2_MOUSE,AAFDMFDADGGGDISVK,2,32,0.35963999999999996,0.3656732500831615,0.07967307891296402,0.3014467412062134,0.2917865679781408,0.03965,0.0365316270331961
TNNC2_MOUSE,AAFDMFDADGGGDISVK,3,32,0.35963999999999996,0.36503537541260855,0.07967307891296402,0.30735887573129556,0.2988811680116453,0.03495,0.03246175362260781
TNNC2_MOUSE,ASGEHVTEEEIESLMK,3,37,0.35518,0.35073444064910486,0.062175269830993224,0.2983014402409136,0.2880382996531661,0.03718,0.02785153748432639
TNNI2_MOUSE,SVMLQIAATELEKEESR,3,41,0.32403,0.33594808190843045,0.0469823621364474,0.27825134727570916,0.266932190895074,0.03297,0.03284869319044857
TNNI2_MOUSE,ENYLSEHcPPLHIPGSMSEVQELcK,4,53,0.1748,0.1796988842928537,0.01440231846614839,0.13938263032866705,0.14948354034225203,0.02454,0.0404201037219602
TNNT3_MOUSE,NIDHLSDDKLR,3,19,0.4767,0.4959580515838324,0.19480598533303528,0.43369075115104155,0.4238493075801431,0.02966,0.0350407190447443
TNNT3_MOUSE,ALSSMGANYSSYLAK,2,30,0.38976,0.40220433689718293,0.09487475172535735,0.34723014697377985,0.33464143363142484,0.02956,0.029114710744615125
TNNT3_MOUSE,IPEGEKVDFDDIQK,3,26,0.38904000000000005,0.40047963910580114,0.11433183948647518,0.3363103995430343,0.32349807052728863,0.03894,0.03726755201461545
TNNT3_MOUSE,DLMELQALIDSHFEAR,2,36,0.32323,0.32732088522765157,0.05931106538295458,0.283014285162165,0.2685155125947557,0.03319,0.025995908204800116
TNNT3_MOUSE,ELWDTLYQLETDKFEFGEK,2,30,0.23919,0.25399996407895403,0.05822324472800756,0.20940229695709547,0.20032357251933366,0.03454,0.039543978823246055
TNNT3_MOUSE,QKYDITTLR,3,12,0.517,0.5475120862965985,0.2937865419991657,0.500162678807288,0.47338229783622543,0.03106,0.033517840017027796
TPIS_MOUSE,VSHALAEGLGVIAc,2,30,0.44311,0.44497225112620326,0.1078611228371898,0.4083494709510709,0.4074206559797791,0.01608,0.016458189547250656
TPIS_MOUSE,HVFGESDELIGQK,3,26,0.4303,0.4385849230893692,0.12645740934359004,0.40428717236602724,0.3944983609693832,0.01791,0.017035849123875103
TPIS_MOUSE,VSHALAEGLGVIAcIGEK,3,38,0.34536,0.3573188014979249,0.05767483016447756,0.3229400476127095,0.3190891868341336,0.01368,0.01809165550278566
TPM1_MOUSE,MEIQEIQLK,2,20,0.5003799999999999,0.5171078929002518,0.19507526249553853,0.47054591617594393,0.46608924544790453,0.01702,0.023448495122970463
TPM1_MOUSE,GTEDELDKYSEALK,2,27,0.40664,0.4233844953827967,0.11400611434163682,0.37018426868144994,0.3719062117776437,0.01805,0.028331877361860217
TPM1_MOUSE,LKGTEDELDKYSEALK,4,28,0.34897,0.3759172876314583,0.09333644458715779,0.3332346029296444,0.31864368751426264,0.01804,0.02584391942700326
TRFE_MOUSE,FGYVGAFK,2,10,0.56677,0.6082519834901627,0.35388160060334356,0.4264911694866542,0.42489638468780766,0.15684,0.17403692457375655
TRFE_MOUSE,DFQLFSSPLGK,2,18,0.47331,0.48076721590664123,0.20274852889273215,0.2567257278645134,0.25898071628787267,0.22443,0.1672720127145358
TRFE_MOUSE,HQTVLDNTEGK,2,18,0.50272,0.558389679324803,0.2153466870443352,0.2786792954400118,0.27579641716425696,0.22271,0.20671781275539086
TRFE_MOUSE,cDEWSIISEGK,2,21,0.46729,0.4580557578899362,0.17379363117331492,0.22084713768946723,0.21684505341156612,0.27421,0.16211764725023214
TRFE_MOUSE,LYLGHNYVTAIR,3,18,0.4241,0.4560306963948936,0.1816687817781321,0.2606147967876589,0.2640813567329351,0.15414,0.16156281581446028
TRFE_MOUSE,SAGWVIPIGLLFcK,2,19,0.37579999999999997,0.37937236456054596,0.15357266475383816,0.203038781459173,0.2121906104675361,0.19038,0.15832719959248745
TRFE_MOUSE,QEDFELLcPDGTR,2,27,0.40704,0.3917973920614372,0.11411825885702305,0.13994636104238503,0.13112067531030988,0.40665,0.17562977884547906
TRFE_MOUSE,FDEFFSQGcAPGYEK,2,30,0.34332,0.3566711284095699,0.08357040168911557,0.09378366702758693,0.12328655874085498,0.26828,0.21774766346795568
TRFE_MOUSE,DFAScHLAQAPNHVVVSR,4,40,0.31181000000000003,0.3291502494129001,0.04739085604479849,0.10392418623938567,0.10374892989596551,0.22083,0.17350549350751354
TRI72_MOUSE,LLPAAEAQAR,2,31,0.5497299999999999,0.5799116071943502,0.12765797077554533,0.4643578738909102,0.43611297670713234,0.0448,0.04446489758258178
TRI72_MOUSE,ELSSLNSYLEQLR,2,27,0.41196,0.4318998717212476,0.11549763639627361,0.33234728008847086,0.3051609136272425,0.06381,0.056026172540130315
TRI72_MOUSE,ALMPALEELTFDPSSAHPSLVVSSSGR,3,58,0.19179,0.18753753283655047,0.012486551278599281,0.13568387722991404,0.1445826416072965,0.04365,0.047287405184451015
UGPA_MOUSE,TLDGGLNVIQLETAVGAAIK,3,35,0.31788,0.320474821495313,0.061142353895043466,0.23304882144927572,0.23360397600804958,0.05684,0.05692939925689611
UGPA_MOUSE,TLDGGLNVIQLETAVGAAIK,2,35,0.31788,0.3261898010964047,0.061142353895043466,0.24027068357138523,0.22905346372391197,0.06066,0.055807857515201974
UGPA_MOUSE,NENTFLDLTVQQIEHLNK,3,30,0.28885,0.2946499398894879,0.07031140198037117,0.2172671442286413,0.21829961797116176,0.05569,0.05954039083958078
VDAC1_MOUSE,VTQSNFAVGYK,2,17,0.48783,0.4916025041120876,0.2190460485304164,0.44864835745477943,0.4442683458409765,0.02526,0.024654097614111248
VDAC1_MOUSE,YQVDPDAcFSAK,2,24,0.44016,0.45521899784816416,0.14213246291274875,0.4060415372751731,0.3928397040869598,0.0247,0.02551770036012482
VDAC1_MOUSE,GALVLGYEGWLAGYQMNFETSK,3,38,0.22399000000000002,0.2297716533518112,0.037406142021488675,0.20569454919077526,0.19538967069032623,0.02377,0.0196239451546333
VIME_MOUSE,KVESLQEEIAFLK,3,26,0.40289,0.4325296090798499,0.11840210469541945,0.327283831936153,0.30206843799207056,0.06251,0.06262557121747045
VIME_MOUSE,ISLPLPTFSSLNLR,2,22,0.39276000000000005,0.4082793075305204,0.13935409469334803,0.3387940130288568,0.3325032221964959,0.03879,0.04454283368986712
VIME_MOUSE,LLQDSVDFSLADAINTEFK,2,33,0.28926999999999997,0.2905916729571534,0.061135310173701565,0.2023304683255918,0.1958347869957765,0.07527,0.06596011975720226
VINC_MOUSE,GILSGTSDLLLTFDEAEVR,2,33,0.31006,0.358276912476655,0.0655291398086836,0.2833311575561562,0.266944958026766,0.02771,0.05049362052091172
